firstName,lastName,dateOfBirth,experience
Tracie,Blumire,7/4/2024,6
Cynthia,Milvarnie,10/29/2023,14
Elsi,Callan,7/2/2024,8
Wash,Borell,7/4/2024,6
Garrot,Conti,1/3/2024,5
Kristi,McTerry,11/6/2023,13
Dirk,Uren,3/24/2024,15
Lulu,Tripon,2/11/2024,11
Jamima,Chitham,4/24/2024,9
Woody,Corpes,8/2/2024,8
Chevy,Gave,11/29/2023,4
Selena,Mosedale,1/8/2024,12
Netti,Jacques,7/12/2024,4
Alfredo,Gyse,10/20/2023,2
Aileen,Culy,2/9/2024,7
Adolphus,Hallworth,2/23/2024,2
Carroll,Le Grand,4/26/2024,10
Kamilah,Priest,1/8/2024,8
Rees,Ambrogini,5/29/2024,8
Raeann,Lingfoot,10/6/2023,2
Timmy,Haimes,10/9/2023,5
Robbin,Di Giacomettino,1/24/2024,8
Freida,Le Brom,11/28/2023,7
Tucker,Tutchings,4/20/2024,1
Vassili,Ibotson,3/2/2024,8
Hew,Sumpner,2/1/2024,9
Erhart,Christley,1/1/2024,5
Alexi,McCurley,11/14/2023,7
Flore,Armstead,11/1/2023,2
Cyndi,Mearing,11/25/2023,11
Madonna,Knowlden,1/27/2024,6
Lian,Patifield,1/6/2024,13
Valenka,Peel,8/25/2023,14
Darrelle,Bunworth,6/11/2024,3
Lorant,Trethowan,12/11/2023,11
Dyanne,Grob,12/17/2023,12
Cindie,Mullin,5/27/2024,9
Norbert,Phillpotts,7/27/2024,2
Frasier,Churly,3/17/2024,4
Cletis,Rimell,2/7/2024,14
Dwain,Purvess,9/16/2023,11
Ronalda,O' Culligan,8/23/2023,10
Leann,Willbond,11/15/2023,2
Eustace,Sheldon,10/5/2023,10
Ashla,Elland,10/12/2023,10
Von,Nuschke,4/21/2024,7
Fara,Lansdowne,1/24/2024,15
Egan,Garrud,12/3/2023,4
Sullivan,Lightbourne,9/8/2023,14
Gayla,Ackrill,10/31/2023,11
Gabey,Millwall,3/7/2024,2
Garrik,Kenewel,12/10/2023,9
Wallis,Brummitt,11/10/2023,9
Thornie,Dammarell,10/5/2023,11
Vicky,Giovannacci,10/19/2023,2
Kevyn,Orleton,3/5/2024,9
Evita,Lamke,5/13/2024,13
Granville,Ubanks,12/14/2023,1
Herb,Brocks,6/30/2024,10
Briny,Lissaman,9/30/2023,1
Tabby,Naerup,4/27/2024,9
Vitia,Lannen,9/18/2023,4
Enrico,Gonnet,11/28/2023,5
Edna,Whitfeld,12/5/2023,12
Lazarus,Laming,4/23/2024,11
Ferris,Caught,7/24/2024,8
Cole,Westwell,8/17/2024,8
Linnell,Ransom,8/25/2023,1
Sadie,Hasted,5/27/2024,5
Emelina,Bartak,5/1/2024,7
Sharleen,Crann,11/17/2023,10
Licha,Elsop,1/19/2024,6
Duffie,Mayhead,2/17/2024,10
Jeffy,Gaucher,4/29/2024,9
Kali,Cuthbertson,10/7/2023,6
Herby,Castledine,4/16/2024,2
Brittney,Fetterplace,12/23/2023,12
Frank,Brannigan,7/18/2024,3
Rori,Girvin,3/1/2024,7
Fons,Horburgh,12/12/2023,5
Victoria,O'Crigane,8/1/2024,14
Saleem,Bolingbroke,6/13/2024,13
Anetta,Philipsson,4/18/2024,5
Gennifer,Clipsham,11/15/2023,4
Gunilla,Masseo,1/21/2024,6
Granny,Littlefair,6/25/2024,15
Brandi,Chellingworth,12/16/2023,4
Licha,Buy,8/13/2024,8
Tammy,Gives,4/20/2024,7
Lorri,Berrygun,2/17/2024,11
Amber,Denkel,2/8/2024,10
Easter,Lauchlan,4/28/2024,2
Umeko,Angier,4/30/2024,2
Andree,MacCollom,2/19/2024,6
Giordano,Charkham,9/13/2023,13
Orrin,Oakeby,10/16/2023,13
Ezequiel,Caesmans,10/8/2023,2
Lodovico,Jacson,2/18/2024,2
Theda,Thirtle,11/6/2023,12
Claretta,O' Markey,9/1/2023,8
