Tracie,Blumire,07/04/2024,6.0
Cynthia,Milvarnie,10/05/2025,14.0
Elsi,Callan,07/02/2024,8.0
Wash,Borell,07/04/2024,6.0
Garrot,Conti,01/03/2024,5.0
Kristi,McTerry,11/06/2023,13.0
Dirk,Uren,03/12/2025,15.0
Lulu,Tripon,02/11/2024,11.0
Jamima,Chitham,04/12/2025,9.0
Woody,Corpes,08/02/2024,8.0
Chevy,Gave,11/05/2025,4.0
Selena,Mosedale,01/08/2024,12.0
Netti,Jacques,07/12/2024,4.0
Alfredo,Gyse,10/08/2024,2.0
Aileen,Culy,02/09/2024,7.0
Adolphus,Hallworth,02/11/2025,2.0
Carroll,Le Grand,04/02/2026,10.0
Kamilah,Priest,01/08/2024,8.0
Rees,Ambrogini,05/05/2026,8.0
Raeann,Lingfoot,10/06/2023,2.0
Timmy,Haimes,10/09/2023,5.0
Robbin,Di Giacomettino,01/12/2025,8.0
Freida,Le Brom,11/04/2025,7.0
Tucker,Tutchings,04/08/2025,1.0
Vassili,Ibotson,03/02/2024,8.0
Hew,Sumpner,02/01/2024,9.0
Erhart,Christley,01/01/2024,5.0
Alexi,McCurley,11/02/2024,7.0
Flore,Armstead,11/01/2023,2.0
Cyndi,Mearing,11/01/2025,11.0
Madonna,Knowlden,01/03/2026,6.0
Lian,Patifield,01/06/2024,13.0
Valenka,Peel,08/01/2025,14.0
Darrelle,Bunworth,06/11/2024,3.0
Lorant,Trethowan,12/11/2023,11.0
Dyanne,Grob,12/05/2024,12.0
Cindie,Mullin,05/03/2026,9.0
Norbert,Phillpotts,07/03/2026,2.0
Frasier,Churly,03/05/2025,4.0
Cletis,Rimell,02/07/2024,14.0
Dwain,Purvess,09/04/2024,11.0
Ronalda,O' Culligan,08/11/2024,10.0
Leann,Willbond,11/03/2024,2.0
Eustace,Sheldon,10/05/2023,10.0
Ashla,Elland,10/12/2023,10.0
Von,Nuschke,04/09/2025,7.0
Fara,Lansdowne,01/12/2025,15.0
Egan,Garrud,12/03/2023,4.0
Sullivan,Lightbourne,09/08/2023,14.0
Gayla,Ackrill,10/07/2025,11.0
Gabey,Millwall,03/07/2024,2.0
Garrik,Kenewel,12/10/2023,9.0
Wallis,Brummitt,11/10/2023,9.0
Thornie,Dammarell,10/05/2023,11.0
Vicky,Giovannacci,10/07/2024,2.0
Kevyn,Orleton,03/05/2024,9.0
Evita,Lamke,05/01/2025,13.0
Granville,Ubanks,12/02/2024,1.0
Herb,Brocks,06/06/2026,10.0
Briny,Lissaman,09/06/2025,1.0
Tabby,Naerup,04/03/2026,9.0
Vitia,Lannen,09/06/2024,4.0
Enrico,Gonnet,11/04/2025,5.0
Edna,Whitfeld,12/05/2023,12.0
Lazarus,Laming,04/11/2025,11.0
Ferris,Caught,07/12/2025,8.0
Cole,Westwell,08/05/2025,8.0
Linnell,Ransom,08/01/2025,1.0
Sadie,Hasted,05/03/2026,5.0
Emelina,Bartak,05/01/2024,7.0
Sharleen,Crann,11/05/2024,10.0
Licha,Elsop,01/07/2025,6.0
Duffie,Mayhead,02/05/2025,10.0
Jeffy,Gaucher,04/05/2026,9.0
Kali,Cuthbertson,10/07/2023,6.0
Herby,Castledine,04/04/2025,2.0
Brittney,Fetterplace,12/11/2024,12.0
Frank,Brannigan,07/06/2025,3.0
Rori,Girvin,03/01/2024,7.0
Fons,Horburgh,12/12/2023,5.0
Victoria,O'Crigane,08/01/2024,14.0
Saleem,Bolingbroke,06/01/2025,13.0
Anetta,Philipsson,04/06/2025,5.0
Gennifer,Clipsham,11/03/2024,4.0
Gunilla,Masseo,01/09/2025,6.0
Granny,Littlefair,06/01/2026,15.0
Brandi,Chellingworth,12/04/2024,4.0
Licha,Buy,08/01/2025,8.0
Tammy,Gives,04/08/2025,7.0
Lorri,Berrygun,02/05/2025,11.0
Amber,Denkel,02/08/2024,10.0
Easter,Lauchlan,04/04/2026,2.0
Umeko,Angier,04/06/2026,2.0
Andree,MacCollom,02/07/2025,6.0
Giordano,Charkham,09/01/2024,13.0
Orrin,Oakeby,10/04/2024,13.0
Ezequiel,Caesmans,10/08/2023,2.0
Lodovico,Jacson,02/06/2025,2.0
Theda,Thirtle,11/06/2023,12.0
Claretta,O' Markey,09/01/2023,8.0
